{
    "name": "root",
    "gauges": {
        "MyBehavior.Policy.Entropy.mean": {
            "value": 1.4199650287628174,
            "min": 1.4199650287628174,
            "max": 1.4199650287628174,
            "count": 1
        },
        "MyBehavior.Policy.Entropy.sum": {
            "value": 70998.25,
            "min": 70998.25,
            "max": 70998.25,
            "count": 1
        },
        "MyBehavior.Step.mean": {
            "value": 49992.0,
            "min": 49992.0,
            "max": 49992.0,
            "count": 1
        },
        "MyBehavior.Step.sum": {
            "value": 49992.0,
            "min": 49992.0,
            "max": 49992.0,
            "count": 1
        },
        "MyBehavior.Policy.ExtrinsicValueEstimate.mean": {
            "value": 42.301605224609375,
            "min": 42.301605224609375,
            "max": 42.301605224609375,
            "count": 1
        },
        "MyBehavior.Policy.ExtrinsicValueEstimate.sum": {
            "value": 42259.3046875,
            "min": 42259.3046875,
            "max": 42259.3046875,
            "count": 1
        },
        "MyBehavior.Environment.EpisodeLength.mean": {
            "value": 199.0,
            "min": 199.0,
            "max": 199.0,
            "count": 1
        },
        "MyBehavior.Environment.EpisodeLength.sum": {
            "value": 49750.0,
            "min": 49750.0,
            "max": 49750.0,
            "count": 1
        },
        "MyBehavior.Environment.CumulativeReward.mean": {
            "value": 0.0,
            "min": 0.0,
            "max": 0.0,
            "count": 1
        },
        "MyBehavior.Environment.CumulativeReward.sum": {
            "value": 0.0,
            "min": 0.0,
            "max": 0.0,
            "count": 1
        },
        "MyBehavior.Policy.ExtrinsicReward.mean": {
            "value": 0.0,
            "min": 0.0,
            "max": 0.0,
            "count": 1
        },
        "MyBehavior.Policy.ExtrinsicReward.sum": {
            "value": 0.0,
            "min": 0.0,
            "max": 0.0,
            "count": 1
        },
        "MyBehavior.Losses.PolicyLoss.mean": {
            "value": 0.021500328801994328,
            "min": 0.021500328801994328,
            "max": 0.021500328801994328,
            "count": 1
        },
        "MyBehavior.Losses.PolicyLoss.sum": {
            "value": 0.08600131520797731,
            "min": 0.08600131520797731,
            "max": 0.08600131520797731,
            "count": 1
        },
        "MyBehavior.Losses.ValueLoss.mean": {
            "value": 4.80519015789032,
            "min": 4.80519015789032,
            "max": 4.80519015789032,
            "count": 1
        },
        "MyBehavior.Losses.ValueLoss.sum": {
            "value": 19.22076063156128,
            "min": 19.22076063156128,
            "max": 19.22076063156128,
            "count": 1
        },
        "MyBehavior.Policy.LearningRate.mean": {
            "value": 0.00028460280513239994,
            "min": 0.00028460280513239994,
            "max": 0.00028460280513239994,
            "count": 1
        },
        "MyBehavior.Policy.LearningRate.sum": {
            "value": 0.0011384112205295998,
            "min": 0.0011384112205295998,
            "max": 0.0011384112205295998,
            "count": 1
        },
        "MyBehavior.Policy.Epsilon.mean": {
            "value": 0.1948676,
            "min": 0.1948676,
            "max": 0.1948676,
            "count": 1
        },
        "MyBehavior.Policy.Epsilon.sum": {
            "value": 0.7794704,
            "min": 0.7794704,
            "max": 0.7794704,
            "count": 1
        },
        "MyBehavior.Policy.Beta.mean": {
            "value": 0.004743893239999999,
            "min": 0.004743893239999999,
            "max": 0.004743893239999999,
            "count": 1
        },
        "MyBehavior.Policy.Beta.sum": {
            "value": 0.018975572959999996,
            "min": 0.018975572959999996,
            "max": 0.018975572959999996,
            "count": 1
        },
        "MyBehavior.IsTraining.mean": {
            "value": 1.0,
            "min": 1.0,
            "max": 1.0,
            "count": 1
        },
        "MyBehavior.IsTraining.sum": {
            "value": 1.0,
            "min": 1.0,
            "max": 1.0,
            "count": 1
        }
    },
    "metadata": {
        "timer_format_version": "0.1.0",
        "start_time_seconds": "1734133532",
        "python_version": "3.10.11 (tags/v3.10.11:7d4cc5a, Apr  5 2023, 00:38:17) [MSC v.1929 64 bit (AMD64)]",
        "command_line_arguments": "C:\\Users\\ionut\\AppData\\Local\\Programs\\Python\\Python310\\Scripts\\mlagents-learn --run-id normal7",
        "mlagents_version": "1.1.0",
        "mlagents_envs_version": "1.1.0",
        "communication_protocol_version": "1.5.0",
        "pytorch_version": "2.2.2+cu121",
        "numpy_version": "1.23.5",
        "end_time_seconds": "1734134104"
    },
    "total": 571.3987805999932,
    "count": 1,
    "self": 10.00447770000028,
    "children": {
        "run_training.setup": {
            "total": 0.016739300001063384,
            "count": 1,
            "self": 0.016739300001063384
        },
        "TrainerController.start_learning": {
            "total": 561.3775635999918,
            "count": 1,
            "self": 1.0169821999588748,
            "children": {
                "TrainerController._reset_env": {
                    "total": 6.090709900003276,
                    "count": 1,
                    "self": 6.090709900003276
                },
                "TrainerController.advance": {
                    "total": 554.1553378000244,
                    "count": 64427,
                    "self": 0.9849853971245466,
                    "children": {
                        "env_step": {
                            "total": 537.2006475018134,
                            "count": 64427,
                            "self": 298.3260881048627,
                            "children": {
                                "SubprocessEnvManager._take_step": {
                                    "total": 238.1859535988333,
                                    "count": 64428,
                                    "self": 3.140711299405666,
                                    "children": {
                                        "TorchPolicy.evaluate": {
                                            "total": 235.04524229942763,
                                            "count": 64107,
                                            "self": 235.04524229942763
                                        }
                                    }
                                },
                                "workers": {
                                    "total": 0.6886057981173508,
                                    "count": 64426,
                                    "self": 0.0,
                                    "children": {
                                        "worker_root": {
                                            "total": 529.3619707994076,
                                            "count": 64426,
                                            "is_parallel": true,
                                            "self": 302.7865592990129,
                                            "children": {
                                                "steps_from_proto": {
                                                    "total": 0.00020419999782461673,
                                                    "count": 1,
                                                    "is_parallel": true,
                                                    "self": 7.939999341033399e-05,