{
    "name": "root",
    "gauges": {
        "ComportamentRobot.Policy.Entropy.mean": {
            "value": 1.41144859790802,
            "min": 1.395869493484497,
            "max": 1.4136481285095215,
            "count": 10
        },
        "ComportamentRobot.Policy.Entropy.sum": {
            "value": 70466.5703125,
            "min": 69712.2578125,
            "max": 71636.6171875,
            "count": 10
        },
        "ComportamentRobot.Step.mean": {
            "value": 499994.0,
            "min": 49953.0,
            "max": 499994.0,
            "count": 10
        },
        "ComportamentRobot.Step.sum": {
            "value": 499994.0,
            "min": 49953.0,
            "max": 499994.0,
            "count": 10
        },
        "ComportamentRobot.Policy.ExtrinsicValueEstimate.mean": {
            "value": 0.13324372470378876,
            "min": -3.7856993675231934,
            "max": 2.0346977710723877,
            "count": 10
        },
        "ComportamentRobot.Policy.ExtrinsicValueEstimate.sum": {
            "value": 117.12123107910156,
            "min": -3206.4873046875,
            "max": 1753.909423828125,
            "count": 10
        },
        "ComportamentRobot.Environment.EpisodeLength.mean": {
            "value": 312.18471337579615,
            "min": 312.18471337579615,
            "max": 414.43697478991595,
            "count": 10
        },
        "ComportamentRobot.Environment.EpisodeLength.sum": {
            "value": 49013.0,
            "min": 44395.0,
            "max": 52319.0,
            "count": 10
        },
        "ComportamentRobot.Environment.CumulativeReward.mean": {
            "value": -0.6687898089171974,
            "min": -0.8305084745762712,
            "max": -0.5966386554621849,
            "count": 10
        },
        "ComportamentRobot.Environment.CumulativeReward.sum": {
            "value": -105.0,
            "min": -109.0,
            "max": -71.0,
            "count": 10
        },
        "ComportamentRobot.Policy.ExtrinsicReward.mean": {
            "value": -0.6687898089171974,
            "min": -0.8305084745762712,
            "max": -0.5966386554621849,
            "count": 10
        },
        "ComportamentRobot.Policy.ExtrinsicReward.sum": {
            "value": -105.0,
            "min": -109.0,
            "max": -71.0,
            "count": 10
        },
        "ComportamentRobot.Losses.PolicyLoss.mean": {
            "value": 0.024079599447207632,
            "min": 0.022434656960637466,
            "max": 0.028148590223499925,
            "count": 10
        },
        "ComportamentRobot.Losses.PolicyLoss.sum": {
            "value": 0.12039799723603817,
            "min": 0.09739639495504283,
            "max": 0.14074295111749963,
            "count": 10
        },
        "ComportamentRobot.Losses.ValueLoss.mean": {
            "value": 0.14551263868808748,
            "min": 0.14551263868808748,
            "max": 3.9060718794663747,
            "count": 10
        },
        "ComportamentRobot.Losses.ValueLoss.sum": {
            "value": 0.7275631934404374,
            "min": 0.7275631934404374,
            "max": 15.624287517865499,
            "count": 10
        },
        "ComportamentRobot.Policy.LearningRate.mean": {
            "value": 1.5693934768720007e-05,
            "min": 1.5693934768720007e-05,
            "max": 0.00028413390528869996,
            "count": 10
        },
        "ComportamentRobot.Policy.LearningRate.sum": {
            "value": 7.846967384360003e-05,
            "min": 7.846967384360003e-05,
            "max": 0.0012816108727964,
            "count": 10
        },
        "ComportamentRobot.Policy.Epsilon.mean": {
            "value": 0.10523128,
            "min": 0.10523128,
            "max": 0.1947113,
            "count": 10
        },
        "ComportamentRobot.Policy.Epsilon.sum": {
            "value": 0.5261564,
            "min": 0.5261564,
            "max": 0.9272035999999999,
            "count": 10
        },
        "ComportamentRobot.Policy.Beta.mean": {
            "value": 0.00027104087200000005,
            "min": 0.00027104087200000005,
            "max": 0.004736093869999999,
            "count": 10
        },
        "ComportamentRobot.Policy.Beta.sum": {
            "value": 0.0013552043600000003,
            "min": 0.0013552043600000003,
            "max": 0.02136745964,
            "count": 10
        },
        "ComportamentRobot.IsTraining.mean": {
            "value": 1.0,
            "min": 1.0,
            "max": 1.0,
            "count": 10
        },
        "ComportamentRobot.IsTraining.sum": {
            "value": 1.0,
            "min": 1.0,
            "max": 1.0,
            "count": 10
        }
    },
    "metadata": {
        "timer_format_version": "0.1.0",
        "start_time_seconds": "1734260694",
        "python_version": "3.10.11 (tags/v3.10.11:7d4cc5a, Apr  5 2023, 00:38:17) [MSC v.1929 64 bit (AMD64)]",
        "command_line_arguments": "C:\\Users\\ionut\\AppData\\Local\\Programs\\Python\\Python310\\Scripts\\mlagents-learn --run-id mocanu2",
        "mlagents_version": "1.1.0",
        "mlagents_envs_version": "1.1.0",
        "communication_protocol_version": "1.5.0",
        "pytorch_version": "2.2.2+cu121",
        "numpy_version": "1.23.5",
        "end_time_seconds": "1734261034"
    },
    "total": 339.7054732999968,
    "count": 1,
    "self": 0.00664870000036899,
    "children": {
        "run_training.setup": {
            "total": 0.041617299997597,
            "count": 1,
            "self": 0.041617299997597
        },
        "TrainerController.start_learning": {
            "total": 339.65720729999884,
            "count": 1,
            "self": 0.356561299857276,
            "children": {
                "TrainerController._reset_env": {
                    "total": 31.16598580000573,
                    "count": 1,
                    "self": 31.16598580000573
                },
                "TrainerController.advance": {
                    "total": 308.07493220014294,
                    "count": 20030,
                    "self": 0.36614790007297415,
                    "children": {
                        "env_step": {
                            "total": 183.3441679002717,
                            "count": 20030,
                            "self": 97.2176477998728,
                            "children": {
                                "SubprocessEnvManager._take_step": {
                                    "total": 85.90907099964534,
                                    "count": 20030,
                                    "self": 1.163510199621669,
                                    "children": {
                                        "TorchPolicy.evaluate": {
                                            "total": 84.74556080002367,
                                            "count": 20030,
                                            "self": 84.74556080002367
                                        }
                                    }
                                },
                                "workers": {
                                    "total": 0.21744910075358348,
                                    "count": 20030,
                                    "self": 0.0,
                                    "children": {
                                        "worker_root": {
                                            "total": 308.93302510023204,
                                            "count": 20030,
                                            "is_parallel": true,
                                            "self": 237.44119930009765,
                                            "children": {
                                                "steps_from_proto": {
                                                    "total": 0.0003136000013910234,
                                                    "count": 1,