{
    "name": "root",
    "gauges": {
        "MyBehavior.Policy.Entropy.mean": {
            "value": 1.439314365386963,
            "min": 1.4267033338546753,
            "max": 1.439314365386963,
            "count": 2
        },
        "MyBehavior.Policy.Entropy.sum": {
            "value": 71749.8203125,
            "min": 71749.8203125,
            "max": 72654.8671875,
            "count": 2
        },
        "MyBehavior.Environment.EpisodeLength.mean": {
            "value": 231.9398148148148,
            "min": 231.9398148148148,
            "max": 315.3,
            "count": 2
        },
        "MyBehavior.Environment.EpisodeLength.sum": {
            "value": 50099.0,
            "min": 47295.0,
            "max": 50099.0,
            "count": 2
        },
        "MyBehavior.Step.mean": {
            "value": 99936.0,
            "min": 49941.0,
            "max": 99936.0,
            "count": 2
        },
        "MyBehavior.Step.sum": {
            "value": 99936.0,
            "min": 49941.0,
            "max": 99936.0,
            "count": 2
        },
        "MyBehavior.Policy.ExtrinsicValueEstimate.mean": {
            "value": 10.15865707397461,
            "min": 10.15865707397461,
            "max": 52.132484436035156,
            "count": 2
        },
        "MyBehavior.Policy.ExtrinsicValueEstimate.sum": {
            "value": 9000.5703125,
            "min": 9000.5703125,
            "max": 45928.71875,
            "count": 2
        },
        "MyBehavior.Environment.CumulativeReward.mean": {
            "value": -0.6851851851851852,
            "min": -0.6851851851851852,
            "max": -0.4266666666666667,
            "count": 2
        },
        "MyBehavior.Environment.CumulativeReward.sum": {
            "value": -148.0,
            "min": -148.0,
            "max": -64.0,
            "count": 2
        },
        "MyBehavior.Policy.ExtrinsicReward.mean": {
            "value": -0.6851851851851852,
            "min": -0.6851851851851852,
            "max": -0.4266666666666667,
            "count": 2
        },
        "MyBehavior.Policy.ExtrinsicReward.sum": {
            "value": -148.0,
            "min": -148.0,
            "max": -64.0,
            "count": 2
        },
        "MyBehavior.Losses.PolicyLoss.mean": {
            "value": 0.022501856872695496,
            "min": 0.022501856872695496,
            "max": 0.07485340981608411,
            "count": 2
        },
        "MyBehavior.Losses.PolicyLoss.sum": {
            "value": 0.11250928436347749,
            "min": 0.11250928436347749,
            "max": 0.29941363926433645,
            "count": 2
        },
        "MyBehavior.Losses.ValueLoss.mean": {
            "value": 8.092492930491765,
            "min": 8.092492930491765,
            "max": 173.17578349510828,
            "count": 2
        },
        "MyBehavior.Losses.ValueLoss.sum": {
            "value": 40.46246465245883,
            "min": 40.46246465245883,
            "max": 692.7031339804331,
            "count": 2
        },
        "MyBehavior.Policy.LearningRate.mean": {
            "value": 0.00025637593454136,
            "min": 0.00025637593454136,
            "max": 0.00028412835529055005,
            "count": 2
        },
        "MyBehavior.Policy.LearningRate.sum": {
            "value": 0.0012818796727068,
            "min": 0.0011365134211622002,
            "max": 0.0012818796727068,
            "count": 2
        },
        "MyBehavior.Policy.Epsilon.mean": {
            "value": 0.18545864,
            "min": 0.18545864,
            "max": 0.19470945000000006,
            "count": 2
        },
        "MyBehavior.Policy.Epsilon.sum": {
            "value": 0.9272932,
            "min": 0.7788378000000002,
            "max": 0.9272932,
            "count": 2
        },
        "MyBehavior.Policy.Beta.mean": {
            "value": 0.004274386135999999,
            "min": 0.004274386135999999,
            "max": 0.004736001555000001,
            "count": 2
        },
        "MyBehavior.Policy.Beta.sum": {
            "value": 0.021371930679999998,
            "min": 0.018944006220000004,
            "max": 0.021371930679999998,
            "count": 2
        },
        "MyBehavior.IsTraining.mean": {
            "value": 1.0,
            "min": 1.0,
            "max": 1.0,
            "count": 2
        },
        "MyBehavior.IsTraining.sum": {
            "value": 1.0,
            "min": 1.0,
            "max": 1.0,
            "count": 2
        }
    },
    "metadata": {
        "timer_format_version": "0.1.0",
        "start_time_seconds": "1734211337",
        "python_version": "3.10.11 (tags/v3.10.11:7d4cc5a, Apr  5 2023, 00:38:17) [MSC v.1929 64 bit (AMD64)]",
        "command_line_arguments": "C:\\Users\\ionut\\AppData\\Local\\Programs\\Python\\Python310\\Scripts\\mlagents-learn --run-id Test3456",
        "mlagents_version": "1.1.0",
        "mlagents_envs_version": "1.1.0",
        "communication_protocol_version": "1.5.0",
        "pytorch_version": "2.2.2+cu121",
        "numpy_version": "1.23.5",
        "end_time_seconds": "1734211505"
    },
    "total": 168.29968639999993,
    "count": 1,
    "self": 0.0050850999998601765,
    "children": {
        "run_training.setup": {
            "total": 0.016913800000111223,
            "count": 1,
            "self": 0.016913800000111223
        },
        "TrainerController.start_learning": {
            "total": 168.27768749999996,
            "count": 1,
            "self": 0.0981117000053473,
            "children": {
                "TrainerController._reset_env": {
                    "total": 32.38428699999986,
                    "count": 1,
                    "self": 32.38428699999986
                },
                "TrainerController.advance": {
                    "total": 135.68590549999476,
                    "count": 5451,
                    "self": 0.0978999999942971,
                    "children": {
                        "env_step": {
                            "total": 101.63725049999903,
                            "count": 5451,
                            "self": 78.38142819998461,
                            "children": {
                                "SubprocessEnvManager._take_step": {
                                    "total": 23.194103200008612,
                                    "count": 5451,
                                    "self": 0.3346170000170332,
                                    "children": {
                                        "TorchPolicy.evaluate": {
                                            "total": 22.85948619999158,
                                            "count": 5451,
                                            "self": 22.85948619999158
                                        }
                                    }
                                },
                                "workers": {
                                    "total": 0.06171910000580283,
                                    "count": 5450,
                                    "self": 0.0,
                                    "children": {
                                        "worker_root": {
                                            "total": 129.09754199999315,
                                            "count": 5450,
                                            "is_parallel": true,
                                            "self": 65.25496889998522,
                                            "children": {
                                                "steps_from_proto": {
                                                    "total": 0.00034269999991920486,
                                                    "count": 1,
                                                    "is_parallel": true,
                                                    "self": 0.0001068999997642095,