{
    "name": "root",
    "gauges": {
        "ComportamentRobot.Policy.Entropy.mean": {
            "value": 1.4470707178115845,
            "min": 1.4470707178115845,
            "max": 1.4501893520355225,
            "count": 3
        },
        "ComportamentRobot.Policy.Entropy.sum": {
            "value": 72245.0078125,
            "min": 43831.97265625,
            "max": 72693.8046875,
            "count": 3
        },
        "ComportamentRobot.Step.mean": {
            "value": 799953.0,
            "min": 699948.0,
            "max": 799953.0,
            "count": 3
        },
        "ComportamentRobot.Step.sum": {
            "value": 799953.0,
            "min": 699948.0,
            "max": 799953.0,
            "count": 3
        },
        "ComportamentRobot.Policy.ExtrinsicValueEstimate.mean": {
            "value": 0.1262786090373993,
            "min": 0.12591257691383362,
            "max": 0.24874086678028107,
            "count": 3
        },
        "ComportamentRobot.Policy.ExtrinsicValueEstimate.sum": {
            "value": 107.58937072753906,
            "min": 106.52204132080078,
            "max": 122.87799072265625,
            "count": 3
        },
        "ComportamentRobot.Environment.EpisodeLength.mean": {
            "value": 397.88188976377955,
            "min": 397.88188976377955,
            "max": 421.0948275862069,
            "count": 3
        },
        "ComportamentRobot.Environment.EpisodeLength.sum": {
            "value": 50531.0,
            "min": 24967.0,
            "max": 50531.0,
            "count": 3
        },
        "ComportamentRobot.Environment.CumulativeReward.mean": {
            "value": -1.0,
            "min": -1.0,
            "max": -1.0,
            "count": 3
        },
        "ComportamentRobot.Environment.CumulativeReward.sum": {
            "value": -127.0,
            "min": -127.0,
            "max": -61.0,
            "count": 3
        },
        "ComportamentRobot.Policy.ExtrinsicReward.mean": {
            "value": -1.0,
            "min": -1.0,
            "max": -1.0,
            "count": 3
        },
        "ComportamentRobot.Policy.ExtrinsicReward.sum": {
            "value": -127.0,
            "min": -127.0,
            "max": -61.0,
            "count": 3
        },
        "ComportamentRobot.Losses.PolicyLoss.mean": {
            "value": 0.021919648491554353,
            "min": 0.021919648491554353,
            "max": 0.023036145790441272,
            "count": 3
        },
        "ComportamentRobot.Losses.PolicyLoss.sum": {
            "value": 0.10959824245777176,
            "min": 0.046072291580882545,
            "max": 0.11431896506061699,
            "count": 3
        },
        "ComportamentRobot.Losses.ValueLoss.mean": {
            "value": 0.08550490299860636,
            "min": 0.08550490299860636,
            "max": 0.15285004246979952,
            "count": 3
        },
        "ComportamentRobot.Losses.ValueLoss.sum": {
            "value": 0.4275245149930318,
            "min": 0.30570008493959905,
            "max": 0.6663090017934641,
            "count": 3
        },
        "ComportamentRobot.Policy.LearningRate.mean": {
            "value": 0.0002995355162748279,
            "min": 0.0002995355162748279,
            "max": 0.00029958788773737084,
            "count": 3
        },
        "ComportamentRobot.Policy.LearningRate.sum": {
            "value": 0.0014976775813741396,
            "min": 0.0005991757754747417,
            "max": 0.0014978316349227886,
            "count": 3
        },
        "ComportamentRobot.Policy.Epsilon.mean": {
            "value": 0.19984517204000002,
            "min": 0.19984517204000002,
            "max": 0.19986262920000003,
            "count": 3
        },
        "ComportamentRobot.Policy.Epsilon.sum": {
            "value": 0.9992258602,
            "min": 0.39972525840000006,
            "max": 0.9992772113999999,
            "count": 3
        },
        "ComportamentRobot.Policy.Beta.mean": {
            "value": 0.004992274084796,
            "min": 0.004992274084796,
            "max": 0.004993145197080001,
            "count": 3
        },
        "ComportamentRobot.Policy.Beta.sum": {
            "value": 0.02496137042398,
            "min": 0.009986290394160002,
            "max": 0.02496393284886,
            "count": 3
        },
        "ComportamentRobot.IsTraining.mean": {
            "value": 1.0,
            "min": 1.0,
            "max": 1.0,
            "count": 3
        },
        "ComportamentRobot.IsTraining.sum": {
            "value": 1.0,
            "min": 1.0,
            "max": 1.0,
            "count": 3
        }
    },
    "metadata": {
        "timer_format_version": "0.1.0",
        "start_time_seconds": "1734264397",
        "python_version": "3.10.11 (tags/v3.10.11:7d4cc5a, Apr  5 2023, 00:38:17) [MSC v.1929 64 bit (AMD64)]",
        "command_line_arguments": "C:\\Users\\ionut\\AppData\\Local\\Programs\\Python\\Python310\\Scripts\\mlagents-learn config/ComportamentRobot.yaml --resume",
        "mlagents_version": "1.1.0",
        "mlagents_envs_version": "1.1.0",
        "communication_protocol_version": "1.5.0",
        "pytorch_version": "2.2.2+cu121",
        "numpy_version": "1.23.5",
        "end_time_seconds": "1734264606"
    },
    "total": 208.64276309999968,
    "count": 1,
    "self": 0.0054583999994974874,
    "children": {
        "run_training.setup": {
            "total": 0.10179400000015448,
            "count": 1,
            "self": 0.10179400000015448
        },
        "TrainerController.start_learning": {
            "total": 208.53551070000003,
            "count": 1,
            "self": 0.11993369997799164,
            "children": {
                "TrainerController._reset_env": {
                    "total": 14.941225000000031,
                    "count": 1,
                    "self": 14.941225000000031
                },
                "TrainerController.advance": {
                    "total": 193.37311860002228,
                    "count": 6667,
                    "self": 0.11324170000443701,
                    "children": {
                        "env_step": {
                            "total": 151.92313270000932,
                            "count": 6667,
                            "self": 121.40050499998915,
                            "children": {
                                "SubprocessEnvManager._take_step": {
                                    "total": 30.450879000020905,
                                    "count": 6667,
                                    "self": 0.40176930000097855,
                                    "children": {
                                        "TorchPolicy.evaluate": {
                                            "total": 30.049109700019926,
                                            "count": 6667,
                                            "self": 30.049109700019926
                                        }
                                    }
                                },
                                "workers": {
                                    "total": 0.07174869999926159,
                                    "count": 6666,
                                    "self": 0.0,
                                    "children": {
                                        "worker_root": {
                                            "total": 106.035679300016,
                                            "count": 6666,
                                            "is_parallel": true,
                                            "self": 81.7934376000112,
                                            "children": {
                                                "steps_from_proto": {
                                                    "total": 0.0005263000002742046,
                                                    "count": 1,