{
    "name": "root",
    "metadata": {
        "timer_format_version": "0.1.0",
        "start_time_seconds": "1734085280",
        "python_version": "3.10.10 (tags/v3.10.10:aad5f6a, Feb  7 2023, 17:20:36) [MSC v.1929 64 bit (AMD64)]",
        "command_line_arguments": "C:\\Users\\calcu\\AppData\\Local\\Programs\\Python\\Python310\\Scripts\\mlagents-learn --resume",
        "mlagents_version": "1.1.0",
        "mlagents_envs_version": "1.1.0",
        "communication_protocol_version": "1.5.0",
        "pytorch_version": "2.2.2+cu121",
        "numpy_version": "1.23.5",
        "end_time_seconds": "1734085315"
    },
    "total": 34.860078399993654,
    "count": 1,
    "self": 0.0031216999850585125,
    "children": {
        "run_training.setup": {
            "total": 0.014777700002014171,
            "count": 1,
            "self": 0.014777700002014171
        },
        "TrainerController.start_learning": {
            "total": 34.84217900000658,
            "count": 1,
            "self": 0.037535600138653535,
            "children": {
                "TrainerController._reset_env": {
                    "total": 6.6022331999993185,
                    "count": 1,
                    "self": 6.6022331999993185
                },
                "TrainerController.advance": {
                    "total": 28.13612309986638,
                    "count": 4650,
                    "self": 0.033967799790843856,
                    "children": {
                        "env_step": {
                            "total": 27.81056090009224,
                            "count": 4650,
                            "self": 19.216342399849964,
                            "children": {
                                "SubprocessEnvManager._take_step": {
                                    "total": 8.569309800084739,
                                    "count": 4650,
                                    "self": 0.12103670018404955,
                                    "children": {
                                        "TorchPolicy.evaluate": {
                                            "total": 8.448273099900689,
                                            "count": 4627,
                                            "self": 8.448273099900689
                                        }
                                    }
                                },
                                "workers": {
                                    "total": 0.024908700157538988,
                                    "count": 4649,
                                    "self": 0.0,
                                    "children": {
                                        "worker_root": {
                                            "total": 25.51211749990034,
                                            "count": 4649,
                                            "is_parallel": true,
                                            "self": 11.533293200023763,
                                            "children": {
                                                "steps_from_proto": {
                                                    "total": 0.0001329000006080605,
                                                    "count": 1,
                                                    "is_parallel": true,
                                                    "self": 4.569999873638153e-05,
                                                    "children": {
                                                        "_process_rank_one_or_two_observation": {
                                                            "total": 8.720000187167898e-05,
                                                            "count": 2,
                                                            "is_parallel": true,
                                                            "self": 8.720000187167898e-05
                                                        }
                                                    }
                                                },
                                                "UnityEnvironment.step": {
                                                    "total": 13.97869139987597,
                                                    "count": 4649,
                                                    "is_parallel": true,
                                                    "self": 0.14196629935031524,
                                                    "children": {
                                                        "UnityEnvironment._generate_step_input": {
                                                            "total": 0.12001510038680863,
                                                            "count": 4649,
                                                            "is_parallel": true,
                                                            "self": 0.12001510038680863
                                                        },
                                                        "communicator.exchange": {
                                                            "total": 13.403990499966312,
                                                            "count": 4649,
                                                            "is_parallel": true,
                                                            "self": 13.403990499966312
                                                        },
                                                        "steps_from_proto": {
                                                            "total": 0.312719500172534,
                                                            "count": 4649,
                                                            "is_parallel": true,
                                                            "self": 0.14214560016262112,
                                                            "children": {
                                                                "_process_rank_one_or_two_observation": {
                                                                    "total": 0.1705739000099129,
                                                                    "count": 9298,
                                                                    "is_parallel": true,
                                                                    "self": 0.1705739000099129
                                                                }
                                                            }
                                                        }
                                                    }
                                                }
                                            }
                                        }
                                    }
                                }
                            }
                        },
                        "trainer_advance": {
                            "total": 0.29159439998329617,
                            "count": 4649,
                            "self": 0.03983290008909535,
                            "children": {
                                "process_trajectory": {
                                    "total": 0.2517614998942008,
                                    "count": 4649,
                                    "self": 0.2517614998942008
                                }
                            }
                        }
                    }
                },
                "trainer_threads": {
                    "total": 6.00004568696022e-07,
                    "count": 1,
                    "self": 6.00004568696022e-07
                },
                "TrainerController._save_models": {
                    "total": 0.06628649999765912,
                    "count": 1,
                    "self": 0.0013347999993129633,